-- EAM
delete from sys_file where id like 'T001_eam_%';
insert into sys_file(id,file_name,location,size,media_type,file_type)values('T001_eam_1','eam_asset_repair.docx','/tpl/T001/eam_asset_repair.docx',10000,'application/octet-stream','docx');
insert into sys_file(id,file_name,location,size,media_type,file_type)values('T001_eam_2','eam_asset_borrow.docx','/tpl/T001/eam_asset_borrow.docx',10000,'application/octet-stream','docx');
insert into sys_file(id,file_name,location,size,media_type,file_type)values('T001_eam_3','eam_asset_collection.docx','/tpl/T001/eam_asset_collection.docx',10000,'application/octet-stream','docx');
insert into sys_file(id,file_name,location,size,media_type,file_type)values('T001_eam_4','eam_asset_collection_return.docx','/tpl/T001/eam_asset_collection_return.docx',10000,'application/octet-stream','docx');
insert into sys_file(id,file_name,location,size,media_type,file_type)values('T001_eam_5','eam_asset_allocate.docx','/tpl/T001/eam_asset_allocate.docx',10000,'application/octet-stream','docx');
insert into sys_file(id,file_name,location,size,media_type,file_type)values('T001_eam_6','eam_asset_label.docx','/tpl/T001/eam_asset_label.docx',10000,'application/octet-stream','docx');
insert into sys_file(id,file_name,location,size,media_type,file_type)values('T001_eam_7','eam_asset_card.docx','/tpl/T001/eam_asset_card.docx',10000,'application/octet-stream','docx');
insert into sys_file(id,file_name,location,size,media_type,file_type)values('T001_eam_8','eam_asset_tranfer.docx','/tpl/T001/eam_asset_tranfer.docx',10000,'application/octet-stream','docx');
insert into sys_file(id,file_name,location,size,media_type,file_type)values('T001_eam_9','eam_download_asset.xls','/tpl/T001/eam_download_asset.xls',10000,'application/octet-stream','xls');
insert into sys_file(id,file_name,location,size,media_type,file_type)values('T001_eam_10','eam_download_scrap.docx','/tpl/T001/eam_asset_scrap.docx',10000,'application/octet-stream','docx');
insert into sys_file(id,file_name,location,size,media_type,file_type)values('T001_eam_11','eam_asset_register.docx','/tpl/T001/eam_asset_register.docx',10000,'application/octet-stream','docx');
insert into sys_file(id,file_name,location,size,media_type,file_type)values('T001_eam_12','eam_asset_stock_goods_in.docx','/tpl/T001/eam_asset_stock_goods_in.docx',10000,'application/octet-stream','docx');
insert into sys_file(id,file_name,location,size,media_type,file_type)values('T001_eam_13','eam_asset_stock_goods_out.docx','/tpl/T001/eam_asset_stock_goods_out.docx',10000,'application/octet-stream','docx');
insert into sys_file(id,file_name,location,size,media_type,file_type)values('T001_eam_14','eam_asset_stock_goods_tranfer.docx','/tpl/T001/eam_asset_stock_goods_tranfer.docx',10000,'application/octet-stream','docx');
insert into sys_file(id,file_name,location,size,media_type,file_type)values('T001_eam_15','eam_asset_stock_goods_adjust.docx','/tpl/T001/eam_asset_stock_goods_adjust.docx',10000,'application/octet-stream','docx');
insert into sys_file(id,file_name,location,size,media_type,file_type)values('T001_eam_16','eam_asset_consumables_goods_in.docx','/tpl/T001/eam_asset_consumables_goods_in.docx',10000,'application/octet-stream','docx');
insert into sys_file(id,file_name,location,size,media_type,file_type)values('T001_eam_17','eam_asset_consumables_goods_out.docx','/tpl/T001/eam_asset_consumables_goods_out.docx',10000,'application/octet-stream','docx');
insert into sys_file(id,file_name,location,size,media_type,file_type)values('T001_eam_18','eam_asset_consumables_goods_tranfer.docx','/tpl/T001/eam_asset_consumables_goods_tranfer.docx',10000,'application/octet-stream','docx');
insert into sys_file(id,file_name,location,size,media_type,file_type)values('T001_eam_19','eam_asset_consumables_goods_adjust.docx','/tpl/T001/eam_asset_consumables_goods_adjust.docx',10000,'application/octet-stream','docx');
insert into sys_file(id,file_name,location,size,media_type,file_type)values('T001_eam_20','eam_asset_part_goods_in.docx','/tpl/T001/eam_asset_part_goods_in.docx',10000,'application/octet-stream','docx');
insert into sys_file(id,file_name,location,size,media_type,file_type)values('T001_eam_21','eam_asset_part_goods_out.docx','/tpl/T001/eam_asset_part_goods_out.docx',10000,'application/octet-stream','docx');
insert into sys_file(id,file_name,location,size,media_type,file_type)values('T001_eam_22','eam_asset_part_goods_tranfer.docx','/tpl/T001/eam_asset_part_goods_tranfer.docx',10000,'application/octet-stream','docx');
insert into sys_file(id,file_name,location,size,media_type,file_type)values('T001_eam_23','eam_asset_part_goods_adjust.docx','/tpl/T001/eam_asset_part_goods_adjust.docx',10000,'application/octet-stream','docx');
insert into sys_file(id,file_name,location,size,media_type,file_type)values('T001_eam_24','eam_batch_upload_asset.xls','/tpl/T001/eam_batch_upload_asset.xls',10000,'application/octet-stream','xls');
insert into sys_file(id,file_name,location,size,media_type,file_type)values('T001_eam_25','eam_asset_storage.docx','/tpl/T001/eam_asset_storage.docx',10000,'application/octet-stream','docx');
insert into sys_file(id,file_name,location,size,media_type,file_type)values('T001_eam_26','eam_asset_repair_order.docx','/tpl/T001/eam_asset_repair_order.docx',10000,'application/octet-stream','docx');
insert into sys_file(id,file_name,location,size,media_type,file_type)values('T001_eam_27','eam_inventory.docx','/tpl/T001/eam_inventory.docx',10000,'application/octet-stream','docx');
insert into sys_file(id,file_name,location,size,media_type,file_type)values('T001_eam_28','eam_inventory_asset.xls','/tpl/T001/eam_inventory_asset.xls',10000,'application/octet-stream','xls');
insert into sys_file(id,file_name,location,size,media_type,file_type)values('T001_eam_29','eam_asset_borrow_return.docx','/tpl/T001/eam_asset_borrow_return.docx',10000,'application/octet-stream','docx');
insert into sys_file(id,file_name,location,size,media_type,file_type)values('T001_eam_30','eam_asset_download_depreciation_report.xls','/tpl/T001/eam_asset_download_depreciation_report.xls',10000,'application/octet-stream','xls');


delete from sys_tpl_file where tenant_id='T001' and type in ('eam_bill_docx','eam_asset_excel');
insert into sys_tpl_file(id,type,name,code,file_id,tenant_id)values('T001_eam_1','eam_bill_docx','资产报修','eam_download_asset_repair_bill','T001_eam_1','T001');
insert into sys_tpl_file(id,type,name,code,file_id,tenant_id)values('T001_eam_2','eam_bill_docx','资产借用','eam_download_asset_borrow_bill','T001_eam_2','T001');
insert into sys_tpl_file(id,type,name,code,file_id,tenant_id)values('T001_eam_3','eam_bill_docx','资产领用','eam_download_asset_collection_bill','T001_eam_3','T001');
insert into sys_tpl_file(id,type,name,code,file_id,tenant_id)values('T001_eam_4','eam_bill_docx','资产领用退库','eam_download_asset_collection_return_bill','T001_eam_4','T001');
insert into sys_tpl_file(id,type,name,code,file_id,tenant_id)values('T001_eam_5','eam_bill_docx','资产调拨','eam_download_asset_allocate_bill','T001_eam_5','T001');
insert into sys_tpl_file(id,type,name,code,file_id,tenant_id)values('T001_eam_6','eam_bill_docx','资产标签','eam_download_asset_label','T001_eam_6','T001');
insert into sys_tpl_file(id,type,name,code,file_id,tenant_id)values('T001_eam_7','eam_bill_docx','资产编卡片','eam_download_asset_card','T001_eam_7','T001');
insert into sys_tpl_file(id,type,name,code,file_id,tenant_id)values('T001_eam_8','eam_bill_docx','资产转移','eam_download_asset_tranfer_bill','T001_eam_8','T001');
insert into sys_tpl_file(id,type,name,code,file_id,tenant_id)values('T001_eam_9','eam_asset_excel','资产数据下载','eam_download_asset','T001_eam_9','T001');
insert into sys_tpl_file(id,type,name,code,file_id,tenant_id)values('T001_eam_10','eam_bill_docx','资产报废','eam_download_asset_scrap_bill','T001_eam_10','T001');
insert into sys_tpl_file(id,type,name,code,file_id,tenant_id)values('T001_eam_11','eam_bill_docx','资产登记','eam_download_asset_register_bill','T001_eam_11','T001');
insert into sys_tpl_file(id,type,name,code,file_id,tenant_id)values('T001_eam_12','eam_bill_docx','库存物品入库','eam_download_asset_stock_goods_in_bill','T001_eam_12','T001');
insert into sys_tpl_file(id,type,name,code,file_id,tenant_id)values('T001_eam_13','eam_bill_docx','库存物品出库','eam_download_asset_stock_goods_out_bill','T001_eam_13','T001');
insert into sys_tpl_file(id,type,name,code,file_id,tenant_id)values('T001_eam_14','eam_bill_docx','库存物品转移','eam_download_asset_stock_goods_tranfer_bill','T001_eam_14','T001');
insert into sys_tpl_file(id,type,name,code,file_id,tenant_id)values('T001_eam_15','eam_bill_docx','库存物品调整','eam_download_asset_stock_goods_adjust_bill','T001_eam_15','T001');
insert into sys_tpl_file(id,type,name,code,file_id,tenant_id)values('T001_eam_16','eam_bill_docx','耗材物品入库','eam_download_asset_consumables_goods_in_bill','T001_eam_16','T001');
insert into sys_tpl_file(id,type,name,code,file_id,tenant_id)values('T001_eam_17','eam_bill_docx','耗材物品出库','eam_download_asset_consumables_goods_out_bill','T001_eam_17','T001');
insert into sys_tpl_file(id,type,name,code,file_id,tenant_id)values('T001_eam_18','eam_bill_docx','耗材物品转移','eam_download_asset_consumables_goods_tranfer_bill','T001_eam_18','T001');
insert into sys_tpl_file(id,type,name,code,file_id,tenant_id)values('T001_eam_19','eam_bill_docx','耗材物品调整','eam_download_asset_consumables_goods_adjust_bill','T001_eam_19','T001');
insert into sys_tpl_file(id,type,name,code,file_id,tenant_id)values('T001_eam_20','eam_bill_docx','备件物品入库','eam_download_asset_part_goods_in_bill','T001_eam_20','T001');
insert into sys_tpl_file(id,type,name,code,file_id,tenant_id)values('T001_eam_21','eam_bill_docx','备件物品出库','eam_download_asset_part_goods_out_bill','T001_eam_21','T001');
insert into sys_tpl_file(id,type,name,code,file_id,tenant_id)values('T001_eam_22','eam_bill_docx','备件物品转移','eam_download_asset_part_goods_tranfer_bill','T001_eam_22','T001');
insert into sys_tpl_file(id,type,name,code,file_id,tenant_id)values('T001_eam_23','eam_bill_docx','备件物品调整','eam_download_asset_part_goods_adjust_bill','T001_eam_23','T001');
insert into sys_tpl_file(id,type,name,code,file_id,tenant_id)values('T001_eam_24','eam_asset_excel','资产数据上传','eam_batch_upload_asset','T001_eam_24','T001');
insert into sys_tpl_file(id,type,name,code,file_id,tenant_id)values('T001_eam_25','eam_bill_docx','资产入库单据','eam_download_asset_storage_bill','T001_eam_25','T001');
insert into sys_tpl_file(id,type,name,code,file_id,tenant_id)values('T001_eam_26','eam_bill_docx','资产维修单据','eam_download_asset_repair_order_bill','T001_eam_26','T001');
insert into sys_tpl_file(id,type,name,code,file_id,tenant_id)values('T001_eam_27','eam_bill_docx','盘点单据','eam_download_asset_inventory_bill','T001_eam_27','T001');
insert into sys_tpl_file(id,type,name,code,file_id,tenant_id)values('T001_eam_28','eam_asset_excel','盘点资产','eam_download_asset_inventory_asset','T001_eam_28','T001');
insert into sys_tpl_file(id,type,name,code,file_id,tenant_id)values('T001_eam_29','eam_bill_docx','资产归还','eam_download_asset_borrow_return_bill','T001_eam_29','T001');
insert into sys_tpl_file(id,type,name,code,file_id,tenant_id)values('T001_eam_30','eam_asset_excel','资产折旧','eam_asset_download_depreciation_report','T001_eam_30','T001');


-- OPS
delete from sys_file where id like 'T001_ops_%';
insert into sys_file(id,file_name,location,size,media_type,file_type)values('T001_ops_1','ops_download_host.xls','/tpl/T001/ops_download_host.xls',10000,'application/octet-stream','xls');
insert into sys_file(id,file_name,location,size,media_type,file_type)values('T001_ops_2','ops_download_database_inst.xls','/tpl/T001/ops_download_database_inst.xls',10000,'application/octet-stream','xls');
insert into sys_file(id,file_name,location,size,media_type,file_type)values('T001_ops_3','ops_download_information_system.xls','/tpl/T001/ops_download_information_system.xls',10000,'application/octet-stream','xls');

delete from sys_tpl_file where tenant_id='T001' and code in ('ops_download_host','ops_download_database_inst','ops_download_information_system');
insert into sys_tpl_file(id,type,name,code,file_id,tenant_id)values('T001_ops_1','eam_asset_excel','主机数据下载','ops_download_host','T001_ops_1','T001');
insert into sys_tpl_file(id,type,name,code,file_id,tenant_id)values('T001_ops_2','eam_asset_excel','数据库数据下载','ops_download_database_inst','T001_ops_2','T001');
insert into sys_tpl_file(id,type,name,code,file_id,tenant_id)values('T001_ops_3','eam_asset_excel','信息系统数据下载','ops_download_information_system','T001_ops_3','T001');



-- VEHICLE
delete from sys_file where id like 'T001_vehicle_%';
insert into sys_file(id,file_name,location,size,media_type,file_type)values('T001_vehicle_1','vehicle_info_download.xls','/tpl/T001/vehicle_info_download.xls',10000,'application/octet-stream','xls');

delete from sys_tpl_file where tenant_id='T001' and code in ('vehicle_info_download');
insert into sys_tpl_file(id,type,name,code,file_id,tenant_id)values('T001_vehicle_1','eam_asset_excel','车辆数据下载下载','vehicle_info_download','T001_vehicle_1','T001');



-- CONT
delete from sys_file where id like 'T001_cont_%';
insert into sys_file(id,file_name,location,size,media_type,file_type)values('T001_cont_1','cont_download_info.xls','/tpl/T001/cont_download_info.xls',10000,'application/octet-stream','xls');

delete from sys_tpl_file where tenant_id='T001' and code in ('cont_download_info');
insert into sys_tpl_file(id,type,name,code,file_id,tenant_id)values('T001_cont_1','cont','合同下载','cont_download_info','T001_cont_1','T001');


-- Mobile
delete from app_software_info where id='T001_eam_mobile_a1';
delete from sys_file where id='T001_eam_mobile_a1';
insert into sys_file(id,file_name,location,size,media_type,file_type)values('T001_eam_mobile_a1','app.apk','/software/app.apk',10000,'application/octet-stream','apk');
insert into `app_software_info` (`id`, `code`, `group_id`, `name`, `status`, `type`, `software_version`, `picture_id`, `file_id`,`tenant_id`) VALUES ('T001_eam_mobile_a1', 'eam_mobile_android', 'eam_mobile', '安卓移动端', 'enable', 'android', '2.4.0', '', 'T001_eam_mobile_a1', 'T001');
insert into sys_file(id,file_name,location,size,media_type,file_type)values('T001_eam_mobile_a2','h5.tar.gz','/software/h5.tar.gz',10000,'application/octet-stream','gz');
insert into `app_software_info` (`id`, `code`, `group_id`, `name`, `status`, `type`, `software_version`, `picture_id`, `file_id`,`tenant_id`) VALUES ('T001_eam_mobile_a2', 'eam_mobile_h5', 'eam_mobile', 'H5版本介质', 'enable', 'h5', '2.4.0', '', 'T001_eam_mobile_a2', 'T001');


-- Ops Auto Task File
-- File
delete from sys_file where id like 'T001_ops_f_%';
insert into sys_file(id,file_name,location,size,media_type,file_type)values('T001_ops_f_1','db2v11_db2ese_c.lic','/media/T001/db2v11_db2ese_c.lic',10000,'application/octet-stream','lic');
insert into sys_file(id,file_name,location,size,media_type,file_type)values('T001_ops_f_2','db2v11_tar.gz','/media/T001/db2v11_tar.gz',10000,'application/x-tar','gz');
insert into sys_file(id,file_name,location,size,media_type,file_type)values('T001_ops_f_3','mysql-5.7.32-linux-glibc2.12-x86_64.tar.gz','/media/T001/mysql-5.7.32-linux-glibc2.12-x86_64.tar.gz',10000,'application/x-tar','gz');
insert into sys_file(id,file_name,location,size,media_type,file_type)values('T001_ops_f_4','redis-5.0.12.tar.gz','/media/T001/redis-5.0.12.tar.gz',10000,'application/x-tar','gz');
insert into sys_file(id,file_name,location,size,media_type,file_type)values('T001_ops_f_5','nginx-1.18.0.tar.gz','/media/T001/nginx-1.18.0.tar.gz',10000,'application/x-tar','gz');
insert into sys_file(id,file_name,location,size,media_type,file_type)values('T001_ops_f_6','apache-tomcat-9.0.46.tar.gz','/media/T001/apache-tomcat-9.0.46.tar.gz',10000,'application/x-tar','gz');
-- Action File
delete from ops_auto_action_file where id like 'T001_ops_f_%';
insert into ops_auto_action_file(id,name,file_name,file_id,tenant_id)values('T001_ops_f_1','db2v11_db2ese_c.lic','db2v11_db2ese_c.lic','T001_ops_f_1','T001');
insert into ops_auto_action_file(id,name,file_name,file_id,tenant_id)values('T001_ops_f_2','db2v11_tar.gz','db2v11_tar.gz','T001_ops_f_2','T001');
insert into ops_auto_action_file(id,name,file_name,file_id,tenant_id)values('T001_ops_f_3','mysql-5.7.32-linux-glibc2.12-x86_64.tar.gz','mysql-5.7.32-linux-glibc2.12-x86_64.tar.gz','T001_ops_f_3','T001');
insert into ops_auto_action_file(id,name,file_name,file_id,tenant_id)values('T001_ops_f_4','redis-5.0.12.tar.gz','redis-5.0.12.tar.gz','T001_ops_f_4','T001');
insert into ops_auto_action_file(id,name,file_name,file_id,tenant_id)values('T001_ops_f_5','nginx-1.18.0.tar.gz','nginx-1.18.0.tar.gz','T001_ops_f_5','T001');
insert into ops_auto_action_file(id,name,file_name,file_id,tenant_id)values('T001_ops_f_6','apache-tomcat-9.0.46.tar.gz','apache-tomcat-9.0.46.tar.gz','T001_ops_f_6','T001');

-- Script
delete from sys_file where id like 'T001_ops_s_%';
insert into sys_file(id,file_name,location,size,media_type,file_type)values('T001_ops_s_1','deploy_tomcat.sh','/script/T001/deploy_tomcat.sh',10000,'text/x-sh','sh');
insert into sys_file(id,file_name,location,size,media_type,file_type)values('T001_ops_s_2','deploy_nginx.sh','/script/T001/deploy_nginx.sh',10000,'text/x-sh','sh');
insert into sys_file(id,file_name,location,size,media_type,file_type)values('T001_ops_s_3','deploy_mysql.sh','/script/T001/deploy_mysql.sh',10000,'text/x-sh','sh');
insert into sys_file(id,file_name,location,size,media_type,file_type)values('T001_ops_s_4','deploy_db2.sh','/script/T001/deploy_db2.sh',10000,'text/x-sh','sh');
insert into sys_file(id,file_name,location,size,media_type,file_type)values('T001_ops_s_5','deploy_zabbix_agent.sh','/script/T001/deploy_zabbix_agent.sh',10000,'text/x-sh','sh');
insert into sys_file(id,file_name,location,size,media_type,file_type)values('T001_ops_s_6','deploy_was_single.sh','/script/T001/deploy_was_single.sh',10000,'text/x-sh','sh');
insert into sys_file(id,file_name,location,size,media_type,file_type)values('T001_ops_s_7','deploy_redis_single.sh','/script/T001/deploy_redis_single.sh',10000,'text/x-sh','sh');
insert into sys_file(id,file_name,location,size,media_type,file_type)values('T001_ops_s_8','backup_db2.sh','/script/T001/backup_db2.sh',10000,'text/x-sh','sh');
insert into sys_file(id,file_name,location,size,media_type,file_type)values('T001_ops_s_9','backup_mysql.sh','/script/T001/backup_mysql.sh',10000,'text/x-sh','sh');
-- Action File
delete from ops_auto_action_script where id like 'T001_ops_s_%';
insert into ops_auto_action_script(id,name,file_name,file_id,tenant_id)values('T001_ops_s_1','deploy_tomcat.sh','deploy_tomcat.sh','T001_ops_s_1','T001');
insert into ops_auto_action_script(id,name,file_name,file_id,tenant_id)values('T001_ops_s_2','deploy_nginx.sh','deploy_nginx.sh','T001_ops_s_2','T001');
insert into ops_auto_action_script(id,name,file_name,file_id,tenant_id)values('T001_ops_s_3','deploy_mysql.sh','deploy_mysql.sh','T001_ops_s_3','T001');
insert into ops_auto_action_script(id,name,file_name,file_id,tenant_id)values('T001_ops_s_4','deploy_db2.sh','deploy_db2.sh','T001_ops_s_4','T001');
insert into ops_auto_action_script(id,name,file_name,file_id,tenant_id)values('T001_ops_s_5','deploy_zabbix_agent.sh','deploy_zabbix_agent.sh','T001_ops_s_5','T001');
insert into ops_auto_action_script(id,name,file_name,file_id,tenant_id)values('T001_ops_s_6','deploy_was_single.sh','deploy_was_single.sh','T001_ops_s_6','T001');
insert into ops_auto_action_script(id,name,file_name,file_id,tenant_id)values('T001_ops_s_7','deploy_redis_single.sh','deploy_redis_single.sh','T001_ops_s_7','T001');
insert into ops_auto_action_script(id,name,file_name,file_id,tenant_id)values('T001_ops_s_8','backup_db2.sh','backup_db2.sh','T001_ops_s_8','T001');
insert into ops_auto_action_script(id,name,file_name,file_id,tenant_id)values('T001_ops_s_9','backup_mysql.sh','backup_mysql.sh','T001_ops_s_9','T001');


